{"type":"Topology","transform":{"scale":[0.0013662444614209288,0.0011635136319376822],"translate":[-88.46866899999999,30.228313999999997]},"arcs":[[[1915,2811],[-26,-25],[77,0],[13,25],[89,-3]],[[2068,2808],[2,-150],[-10,-184]],[[2060,2474],[-235,-1],[-25,-13]],[[1800,2460],[-1,12],[-120,0]],[[1679,2472],[1,78],[39,-1],[1,88],[101,-2],[3,75],[39,13],[14,88],[38,0]],[[216,3518],[394,-13]],[[610,3505],[-1,-261]],[[609,3244],[1,-75]],[[610,3169],[-76,-1],[-156,5]],[[378,3173],[0,88],[-25,25],[-162,6]],[[191,3292],[3,24],[22,202]],[[610,3169],[-1,-37],[77,-4],[2,-151],[77,-3],[0,-74]],[[765,2900],[-152,6],[-26,-75],[-127,2]],[[460,2833],[-78,0]],[[382,2833],[-4,340]],[[2105,2474],[264,1]],[[2369,2475],[0,0],[34,-204],[1,-8],[17,-30],[27,-64]],[[2448,2169],[-118,-18],[-212,5],[-13,-7]],[[2105,2149],[0,325]],[[998,3831],[145,-91],[86,-25]],[[1229,3715],[73,31],[32,-33],[49,28],[21,-30]],[[1404,3711],[-2,-5],[-21,-145],[0,-57]],[[1381,3504],[-387,7]],[[994,3511],[4,320]],[[610,3505],[77,-2]],[[687,3503],[308,-4]],[[995,3499],[-2,-264],[-29,1]],[[964,3236],[-14,10],[-34,-10],[-307,8]],[[382,2833],[-240,8]],[[142,2841],[15,142],[4,39],[30,270]],[[460,2833],[2,-319]],[[462,2514],[-96,-65],[-132,-35],[-17,-35]],[[217,2379],[-123,-4]],[[94,2375],[17,165],[9,90],[22,211]],[[1179,1490],[300,2]],[[1479,1492],[0,-265],[-38,-1],[1,-111]],[[1442,1115],[-149,-1]],[[1293,1114],[-100,1],[-50,92],[1,103]],[[1144,1310],[-1,67]],[[1143,1377],[-1,113],[37,0]],[[1961,1194],[30,0]],[[1991,1194],[243,2]],[[2234,1196],[-1,-262]],[[2233,934],[-50,-59],[-132,18],[-32,-62]],[[2019,831],[-59,1]],[[1960,832],[1,362]],[[35,1788],[359,2]],[[394,1790],[-65,-22],[9,-86],[-78,-154],[29,-14]],[[289,1514],[-35,-34],[-43,-117],[67,-99]],[[278,1264],[-274,-1]],[[4,1263],[-4,80],[0,88],[0,34],[11,103],[16,150],[3,20],[5,50]],[[995,3499],[-1,12]],[[1381,3504],[76,-2],[18,-37]],[[1475,3465],[-48,-7],[-33,-70],[-7,-4],[-10,-23],[-12,-12],[2,-5],[-67,-23],[5,-29],[-79,-92],[-96,-36],[-28,-44]],[[1102,3120],[-94,27],[-44,89]],[[1665,828],[50,-8],[245,12]],[[2019,831],[164,4],[-2,-174]],[[2181,661],[-7,0],[-59,0],[-125,-2],[-105,-1],[-104,0],[-111,0]],[[1670,658],[-3,17],[-2,153]],[[1532,2170],[28,13],[242,-11]],[[1802,2172],[93,-1],[-5,-225]],[[1890,1946],[25,-14],[-125,-48]],[[1790,1884],[-17,-12],[-107,26],[-51,56],[-109,-79]],[[1506,1875],[-1,256]],[[1505,2131],[-1,37],[28,2]],[[921,4100],[-3,-157],[-47,-37],[13,-12]],[[884,3894],[-27,-7],[-34,39],[-60,3]],[[763,3929],[-72,28],[-207,-86],[-83,62],[-38,67],[-92,8]],[[271,4008],[-41,26],[-33,63],[-3,11],[149,-2],[11,0],[97,0],[166,-2],[14,0],[280,-4],[5,0],[5,0]],[[2233,934],[175,-6],[66,1]],[[2474,929],[-1,-12],[-13,-32],[0,-62],[53,-67],[10,-28],[7,-19],[7,-45],[-21,0],[-84,0],[-137,-1],[-114,-2]],[[551,2388],[215,-3]],[[766,2385],[1,-111]],[[767,2274],[-38,-37],[-1,-151],[-37,0],[0,-149]],[[691,1937],[-149,-1],[0,38],[-62,0]],[[480,1974],[18,49],[38,7],[-56,37],[3,102],[-45,9],[42,41],[-14,26],[20,49],[55,45],[10,49]],[[1866,1759],[15,0],[0,26],[31,-63],[310,2]],[[2222,1724],[4,-75],[13,0]],[[2239,1649],[-14,-113],[-116,-16],[-52,-100]],[[2057,1420],[-97,0],[1,75],[-69,0],[-7,68],[-39,13],[-37,-9]],[[1809,1567],[-1,77],[0,94],[9,19],[49,2]],[[1061,2242],[105,-1],[-4,184]],[[1162,2425],[0,19],[198,-2],[68,-42]],[[1428,2400],[1,-79],[47,-56],[-4,-43],[60,-52]],[[1505,2131],[-221,-2],[1,-38],[-150,3]],[[1135,2094],[-73,-1],[0,57]],[[1062,2150],[-1,92]],[[1915,2811],[40,36],[1,13]],[[1956,2860],[115,79],[1,108],[77,99],[2,45]],[[2151,3191],[25,14],[71,6]],[[2247,3211],[0,0],[9,-54],[19,-115],[16,-99],[18,-105],[7,-41]],[[2316,2797],[-32,16],[-216,-5]],[[1404,3711],[12,-37],[81,-20],[65,26],[6,77]],[[1568,3757],[0,0],[6,0],[2,0],[97,0],[25,0],[37,-75],[8,-39],[22,8]],[[1765,3651],[-45,-62],[9,-175]],[[1729,3414],[-2,-12],[-71,-12],[-71,-63]],[[1585,3327],[-110,138]],[[880,2823],[-4,14],[63,23],[5,50],[89,36],[38,113],[38,24]],[[1109,3083],[51,24],[91,-2],[84,-58],[49,-7]],[[1384,3040],[26,0],[19,-189]],[[1429,2851],[-1,-18],[-115,-50],[-114,-115],[-38,0],[-70,-66],[-36,-8]],[[1055,2594],[-28,0]],[[1027,2594],[0,25],[-84,45],[-11,13],[-107,110],[55,36]],[[765,2900],[38,-13],[39,0],[0,-63],[38,-1]],[[1027,2594],[-98,-43],[0,-57],[-60,3],[-27,-110],[-76,-2]],[[551,2388],[-85,9],[-4,103],[0,14]],[[289,1514],[297,1]],[[586,1515],[1,-99],[34,-42],[87,2]],[[708,1376],[-11,-113],[-37,-1],[1,-123],[-40,-30],[34,-72],[-67,-10],[-87,-85],[14,-23]],[[515,919],[-29,18],[-23,-75],[-81,-33]],[[382,829],[-9,106],[37,6],[16,59],[-35,43],[21,43],[-14,10],[-13,20],[-20,3],[-45,26],[3,20],[-18,0],[-15,9],[-12,55],[7,10],[-7,25]],[[708,1376],[435,1]],[[1144,1310],[-106,-29],[-62,-66],[-23,-105],[-191,-223]],[[762,887],[-96,-28],[-42,14]],[[624,873],[-72,50],[-37,-4]],[[217,2379],[-2,-55],[-24,-6],[79,-112],[11,-74],[24,-10],[-20,-67],[19,-23],[91,34],[65,-23],[-43,-11],[33,-52]],[[450,1980],[-130,-85],[-11,-48],[85,-57]],[[35,1788],[23,232],[12,114],[19,187],[5,54]],[[1102,3120],[7,-37]],[[687,3729],[62,72],[14,128]],[[884,3894],[28,4],[86,-67]],[[687,3503],[0,226]],[[1293,1114],[29,-105],[-28,-67],[0,-114]],[[1294,828],[-53,9],[7,51],[-486,-1]],[[2316,2797],[7,-47],[43,-256],[3,-19]],[[2105,2474],[-45,0]],[[2163,3692],[8,-43],[20,-112],[9,-49],[24,-139],[7,-38],[16,-100]],[[2151,3191],[-9,13],[-144,11]],[[1998,3215],[-43,117],[-32,5],[-2,77]],[[1921,3414],[0,38],[51,12],[108,118],[49,91],[34,19]],[[1210,1816],[0,-27],[25,71],[46,9],[162,-50]],[[1443,1819],[17,-11],[-8,-41],[3,-11],[16,2],[7,-9],[20,-8],[10,-8],[0,-31],[2,-136]],[[1510,1566],[0,-74],[-31,0]],[[1179,1490],[1,74],[-37,0]],[[1143,1564],[-1,152],[72,0],[-40,43],[10,46],[26,11]],[[480,1974],[-9,17],[-21,-11]],[[1585,3327],[-21,-51],[-28,-86],[33,0]],[[1569,3190],[-15,-49],[-44,-40],[-126,-30],[0,-31]],[[1055,2594],[1,-69],[106,-100]],[[1061,2242],[-220,-5],[0,38],[-74,-1]],[[1729,3414],[192,0]],[[1998,3215],[-2,-29],[-77,19],[-90,-37],[-19,-42],[-23,-12],[-28,-8]],[[1759,3106],[-57,49],[-41,77],[-66,-4],[-26,-38]],[[1700,2966],[75,72],[-16,68]],[[1956,2860],[1,25],[-146,1],[-41,76],[-70,4]],[[1442,1115],[72,1],[1,-65],[87,66],[2,-62],[61,-14]],[[1665,1041],[-2,-25],[2,-188]],[[1670,658],[-130,0],[-18,1],[-128,0],[-91,1]],[[1303,660],[-9,11],[0,157]],[[27,761],[75,26],[224,0],[37,16]],[[363,803],[24,-13],[-27,-50],[26,-35],[-17,-69],[29,-28],[-41,-42],[27,-51],[-60,-64],[13,-59]],[[337,392],[-39,-34],[-2,-49],[-13,-36],[-16,-39],[-1,-85],[-23,-70],[-43,1],[-46,-2],[-39,43],[-38,16],[-23,-16],[-7,150],[-6,162],[0,3],[-10,226],[-4,99]],[[1303,660],[-71,1],[-34,0],[-70,0],[-172,1],[0,0],[-110,0],[-83,0],[-68,-1],[-58,0]],[[637,661],[-13,9],[0,203]],[[1765,3651],[30,5],[23,3],[146,119],[116,179],[32,24]],[[2112,3981],[16,-95],[20,-108],[5,-30],[10,-56]],[[363,803],[19,26]],[[637,661],[0,0],[5,-39],[-32,-74],[68,-85],[14,-25],[59,-39],[31,-30],[-1,-46],[-22,-46],[-10,-37],[22,-43],[36,-18],[-48,-29],[-15,-50],[-48,-55],[-102,-27],[-118,-18],[-55,9],[64,35],[7,38],[-50,51],[-36,54],[-14,36],[23,54],[-10,30],[-12,58],[-56,27]],[[2448,2169],[7,-19],[19,-62],[9,-43],[5,-21],[46,-51],[4,-12]],[[2538,1961],[-43,-32],[-201,-4],[3,-49],[-76,-1]],[[2221,1875],[-3,75],[-37,0],[-151,85]],[[2030,2035],[-1,87],[12,13],[64,14]],[[1665,1041],[-1,78],[38,6],[-2,69]],[[1700,1194],[261,0]],[[687,3729],[-446,13]],[[241,3742],[4,35],[26,231]],[[1233,4094],[232,-1],[109,0],[5,0]],[[1579,4093],[40,-45],[-50,-1],[-25,-262],[24,-28]],[[1229,3715],[4,379]],[[1428,2400],[5,58],[15,13]],[[1448,2471],[231,1]],[[1800,2460],[-3,-233],[5,-55]],[[1667,1494],[143,1],[-1,72]],[[2057,1420],[-5,-81],[-52,-139],[-9,-6]],[[1700,1194],[-25,-1],[24,40],[-1,110],[-37,0],[6,151]],[[1429,2851],[25,-37],[76,0],[0,-96]],[[1530,2718],[27,-31],[-12,-50],[-73,-47],[-33,-54],[9,-65]],[[1510,1566],[75,1],[1,-74],[81,1]],[[586,1515],[33,12],[-1,109],[75,1],[6,114],[30,-1]],[[729,1750],[108,-56],[108,-130],[198,0]],[[216,3518],[14,122],[11,102]],[[1506,1875],[-35,-4],[-28,-52]],[[1210,1816],[-67,168],[-8,110]],[[1530,2718],[70,102],[35,-13],[48,107],[-17,68],[34,