{"type":"Topology","transform":{"scale":[0.0018518628663003666,0.0012417070267131233],"translate":[-124.55244099999999,41.992692]},"arcs":[[[2459,3076],[18,10],[53,11],[35,7],[72,8],[37,50],[16,5],[45,-15],[30,5]],[[2765,3157],[-1,-250],[100,0],[0,-69],[56,0],[-1,-349],[-9,-70]],[[2910,2419],[-275,-2]],[[2635,2417],[-64,1],[0,58]],[[2571,2476],[17,81],[-67,2],[1,69],[-67,1],[4,447]],[[2910,2419],[348,0]],[[3258,2419],[45,-27],[39,23],[64,-27]],[[3406,2388],[5,-78],[-33,1],[6,-89],[-126,-37],[8,-32],[71,-17],[36,-45],[-36,-49],[6,-46],[-25,-15],[-1,-59],[-32,-36],[-15,-64],[143,1]],[[3413,1823],[2,-35],[0,-139]],[[3415,1649],[-194,0],[-123,6],[-1,-71],[-454,0]],[[2643,1584],[1,280]],[[2644,1864],[2,416],[-11,137]],[[587,2771],[178,0],[56,-23],[33,-47],[56,-23]],[[910,2678],[9,-47]],[[919,2631],[-10,-5],[-54,25],[-39,-51],[24,-84],[-39,-34]],[[801,2482],[-354,1]],[[447,2483],[-32,0],[0,113],[173,0],[-1,175]],[[714,572],[43,43],[76,-3],[32,18],[84,4],[64,82],[117,47],[32,45],[64,0]],[[1226,808],[-3,-700],[-1,-20],[0,-76]],[[1222,12],[-114,1],[-162,-4],[-132,-1],[-55,5],[-45,-3]],[[714,10],[0,230],[1,165],[-1,167]],[[1226,808],[0,58],[103,6],[29,114],[34,36],[-19,66],[-66,78]],[[1307,1166],[1,94],[69,47]],[[1377,1307],[361,1]],[[1738,1308],[1,-210],[-10,-491],[252,-2],[2,-604]],[[1983,1],[-84,0],[-116,3],[-102,0],[-4,0],[-123,2],[-93,2],[-138,3],[-101,1],[0,0]],[[642,3345],[1,-295]],[[643,3050],[-193,-5],[-133,8]],[[317,3053],[2,43],[-3,57],[-14,31],[30,25],[4,52],[-16,80],[-44,45],[23,31],[47,-45],[39,10],[44,17],[22,-20],[30,22],[41,10],[21,25],[36,8],[28,-32],[-1,-38],[32,-29],[4,0]],[[643,3050],[0,-57],[-66,-24],[100,-70],[-78,-57],[-12,-71]],[[447,2483],[0,-26]],[[447,2457],[-154,1]],[[293,2458],[0,2],[19,79],[1,57],[5,52],[-9,54],[11,67],[-9,47],[16,61],[4,78],[0,38],[-16,39],[2,21]],[[758,2197],[3,23]],[[761,2220],[55,-9],[19,-41],[110,83],[60,-12],[38,11],[76,-27],[104,-2],[31,-44],[49,22],[57,-32],[130,-2]],[[1490,2167],[-8,-135],[-22,-25],[3,-74]],[[1463,1933],[1,-86],[23,-23]],[[1487,1824],[-285,-3],[-32,-30],[-103,9],[-38,31],[-61,20],[-57,-3],[-22,-70],[-140,0],[-10,67]],[[739,1845],[-32,76],[20,52],[-29,94],[48,60],[53,13],[-41,57]],[[1965,2944],[10,-4],[21,23],[90,35],[20,17],[9,8],[24,0],[46,-37],[10,0]],[[2195,2986],[70,-134],[-75,-55],[-15,-49],[-8,-151],[47,-58],[-28,-50]],[[2186,2489],[-122,0],[4,38],[-90,58],[-73,13],[5,71],[32,3],[47,73],[23,92],[-30,10],[-17,97]],[[2765,3157],[37,7],[57,15],[71,-6],[35,21],[40,33],[167,1],[39,0],[129,0],[200,-1],[10,0]],[[3550,3227],[0,-101],[3,-11]],[[3553,3115],[0,-35],[-39,0],[-12,-104],[-27,0],[0,-175],[-44,0],[0,-35],[-124,1],[0,-59],[-145,-8],[22,-71],[0,-49],[59,1],[15,-94],[0,-68]],[[452,637],[0,-35],[72,0],[74,-30],[43,23],[73,-23]],[[714,10],[-63,-5],[-47,2],[-46,-2],[-74,-3],[-89,0]],[[395,2],[-1,73],[-18,45],[35,76],[-26,61],[-28,33],[-73,5],[-8,23],[18,88],[66,6],[29,103],[63,122]],[[2195,2986],[45,-1],[66,18],[38,4],[38,38],[38,9],[39,22]],[[2571,2476],[-64,-1],[-316,2]],[[2191,2477],[-5,12]],[[642,3345],[45,-1],[37,21],[24,14],[28,-3],[60,-41],[22,-23],[32,-17],[26,-56],[23,-43],[1,-39],[14,-36],[-1,-14],[-4,-33],[18,-41],[-3,-24]],[[964,3009],[-12,-6],[-75,0]],[[877,3003],[-55,46],[-179,1]],[[180,1303],[186,-2],[0,-74],[31,0],[0,-68],[29,0],[0,-140],[32,0],[1,-137],[-31,-4],[-1,-70],[-32,0],[5,-166]],[[400,642],[-61,-12],[-39,-72],[-73,-15],[-15,59],[10,88],[-63,85],[-120,0]],[[39,775],[24,94],[13,71],[9,52],[7,37],[-10,26],[26,32],[35,76],[29,97],[8,43]],[[1419,2949],[13,6],[18,25],[30,11],[41,-10],[36,9],[73,17],[6,-2],[44,-20]],[[1680,2985],[0,-145],[-22,-210],[-116,0]],[[1542,2630],[0,93],[-67,71]],[[1475,2794],[-46,47],[-10,108]],[[1490,2167],[18,63],[-33,31],[33,20]],[[1508,2281],[362,-1],[388,-2]],[[2258,2278],[-18,-21],[10,-186]],[[2250,2071],[-238,-1],[0,-70],[-88,0],[0,-69],[-64,0]],[[1860,1931],[-397,2]],[[910,2678],[11,6],[0,17],[56,-12],[0,82]],[[977,2771],[21,0],[23,20],[80,2],[357,0],[17,1]],[[1542,2630],[8,-12],[-27,-59],[43,-60],[-82,-68],[6,-62],[32,-39]],[[1522,2330],[-360,0],[-72,41],[-33,67],[-59,31],[-45,58],[26,104],[-60,0]],[[877,3003],[0,-71],[100,-94],[0,-63],[0,-4]],[[2644,1864],[-131,0],[0,66],[-66,0],[0,40],[-197,-1],[0,102]],[[2258,2278],[-46,36],[-21,163]],[[513,2197],[15,-1],[147,0],[83,1]],[[739,1845],[-221,-6],[-98,6]],[[420,1845],[-23,26],[55,36],[-3,58],[67,0],[-3,232]],[[237,1839],[81,1],[12,4],[90,1]],[[1487,1824],[16,-126],[-46,-108],[-8,-44],[-28,1],[-29,-46],[7,-75],[-13,-82],[11,-28],[-20,-9]],[[1307,1166],[-329,-3],[0,87],[-198,-4],[-16,53],[0,140],[-113,1],[-1,23],[-97,16],[-49,73],[-46,20],[-67,0],[-52,-37],[0,-27],[-127,-1]],[[212,1507],[5,38],[15,156],[6,105],[-1,33]],[[801,2482],[13,-105],[-35,-11],[-38,-59],[47,-35],[-27,-52]],[[513,2197],[-55,0],[-11,15],[0,245]],[[2643,1584],[-64,0],[-1,-211],[-65,1]],[[2513,1374],[-194,0],[0,70],[-65,-1],[0,70],[-200,0],[0,69],[-128,3],[-1,139],[-62,4],[-3,203]],[[3406,2388],[62,70],[87,-39],[68,50],[35,-53],[116,0],[0,70],[160,1]],[[3934,2487],[262,-2]],[[4196,2485],[-1,-1],[-31,-37],[-9,-42],[13,-40],[-17,-47],[-13,-25],[-23,-42],[-44,-25],[-26,-24],[-18,-60],[-26,-77],[-13,-27],[-32,-35],[6,-42],[-15,-30],[14,-24],[14,-26],[-11,-26]],[[3964,1855],[-148,4],[0,70],[-57,46],[-205,-1],[-98,-139],[-43,-12]],[[1680,2985],[10,-4],[46,9],[66,-28],[17,-52],[33,8],[20,26],[77,7],[16,-7]],[[1508,2281],[14,49]],[[2513,1374],[1,-71]],[[2514,1303],[-251,1],[-9,3],[-516,1]],[[400,642],[16,8],[36,-13]],[[395,2],[-97,1],[-114,2],[-32,38],[-23,18],[-21,49],[-5,41],[-12,38],[-15,19],[1,45],[-8,36],[-6,71],[20,81],[-1,46],[-7,49],[-20,14],[1,11],[-33,37],[-23,85],[39,89],[0,3]],[[3553,3115],[122,0],[0,-70],[-22,0],[0,-68],[33,-58],[0,-83],[34,-120],[43,-22],[33,-56],[1,-47],[24,-36],[113,0],[0,-68]],[[3964,1855],[-3,-6],[25,-24],[27,15],[33,-32],[47,-2],[4,-33],[34,-12],[3,-20],[-1,-2],[-42,-54],[21,-45],[-12,-37],[-9,-71],[-5,-11],[-20,-46],[-2,-116],[0,-68],[0,-460],[0,-175],[0,-345],[0,-305],[-93,0],[-111,-1],[-119,0],[-134,0],[-175,-2]],[[3432,3],[1,222],[-11,3],[-7,514],[0,350],[0,557]],[[964,3009],[-4,-39],[10,-15],[10,-14],[51,-28],[81,-21],[29,-16],[32,10],[26,-23],[37,-3],[8,5],[35,22],[44,5],[53,26],[28,23],[15,8]],[[237,1839],[-1,8],[17,104],[0,69],[10,106],[1,57],[-6,76],[6,30],[21,93],[8,76]],[[3550,3227],[141,0],[62,-1],[66,-1],[68,-1],[237,0],[15,-30],[15,-41],[33,-46],[6,-8],[28,-12],[38,-35],[39,-3],[31,-36],[4,-42],[35,-53],[-21,-40],[-46,-99],[-47,-104],[-9,-36],[-3,-12],[-31,-113],[-15,-29]],[[180,1303],[14,77],[18,127]],[[3432,3],[-164,-1],[-149,-2],[-121,1],[-112,-1],[-63,1],[-19,0]],[[2804,1],[-3,608],[-312,-2],[6,137],[0,211],[19,0],[0,348]],[[2804,1],[-198,2],[-147,-2],[-99,1],[-172,-1],[-103,0],[-102,0]]],"objects":{"counties":{"type":"GeometryCollection","geometries":[{"arcs":[[0,1,2,3,4]],"type":"Polygon","properties":{"STATEFP":"41","COUNTYFP":"049","NAME":"Morrow","LSAD":"06"}},{"arcs":[[-3,5,6,7,8,9,10,11]],"type":"Polygon","properties":{"STATEFP":"41","COUNTYFP":"023","NAME":"Grant","LSAD":"06"}},{"arcs":[[12,13,14,15,16]],"type":"Polygon","properties":{"STATEFP":"41","COUNTYFP":"071","NAME":"Yamhill","LSAD":"06"}},{"arcs":[[17,18,19,20]],"type":"Polygon","properties":{"STATEFP":"41","COUNTYFP":"029","NAME":"Jackson","LSAD":"06"}},{"arcs":[[21,22,23,24,25,-19]],"type":"Polygon","properties":{"STATEFP":"41","COUNTYFP":"035","NAME":"Klamath","LSAD":"06"}},{"arcs":[[26,27,28]],"type":"Polygon","properties":{"STATEFP":"41","COUNTYFP":"007","NAME":"Clatsop","LSAD":"06"}},{"arcs":[[-28,29,-17,30,31,32]],"type":"Polygon","properties":{"STATEFP":"41","COUNTYFP":"057","NAME":"Tillamook","LSAD":"06"}},{"arcs":[[33,34,35,36,37,38]],"type":"Polygon","properties":{"STATEFP":"41","COUNTYFP":"043","NAME":"Linn","LSAD":"06"}},{"arcs":[[39,40,41]],"type":"Polygon","properties":{"STATEFP":"41","COUNTYFP":"055","NAME":"Sherman","LSAD":"06"}},{"arcs":[[42,43,44,-6,-2]],"type":"Polygon","properties":{"STATEFP":"41","COUNTYFP":"059","NAME":"Umatilla","LSAD":"06"}},{"arcs":[[45,-21,46,47]],