{"type":"Topology","transform":{"scale":[0.001315459249329761,0.001074862058179544],"translate":[-82.626182,37.202467]},"arcs":[[[1476,2777],[16,-8],[110,-18]],[[1602,2751],[0,-133]],[[1602,2618],[-167,16]],[[1435,2634],[1,43],[24,67],[2,5],[14,28]],[[2280,1360],[89,108],[-7,104],[129,61]],[[2491,1633],[163,-134]],[[2654,1499],[59,-49]],[[2713,1450],[-23,-66],[-4,-28],[-47,-50],[-36,-73],[-20,-44],[-2,-6],[-51,-54],[-10,2],[-45,8],[-81,28],[-50,90],[-81,35]],[[2263,1292],[23,28],[-6,40]],[[1696,2265],[36,-24],[148,-1],[163,-147]],[[2043,2093],[-113,-61],[-84,6]],[[1846,2038],[-64,39],[-161,32]],[[1621,2109],[-3,87],[49,71],[29,-2]],[[649,1375],[25,-5],[33,-45]],[[707,1325],[-41,-33],[21,-115],[-135,-64],[-12,-68]],[[540,1045],[-62,-55],[-39,22],[1,78]],[[440,1090],[-6,93]],[[434,1183],[-7,125],[83,46],[139,21]],[[2043,2093],[33,-15]],[[2076,2078],[0,-127]],[[2076,1951],[-97,-48],[-109,-5]],[[1870,1898],[-25,26],[1,114]],[[310,1292],[124,-109]],[[440,1090],[-132,-59],[-33,-76]],[[275,955],[-17,86],[-43,-15],[-126,102]],[[89,1128],[47,11],[50,7],[44,14],[15,44],[8,59],[9,18],[6,13],[42,-2]],[[1321,1946],[133,127],[72,18]],[[1526,2091],[27,1],[29,-20]],[[1582,2072],[10,-65],[-55,-64],[57,-89],[-51,-26]],[[1543,1828],[-79,-71],[-21,4]],[[1443,1761],[-65,13]],[[1378,1774],[-76,152],[19,20]],[[1476,2777],[30,59],[29,49],[-19,76],[3,9]],[[1519,2970],[41,5],[42,-1]],[[1602,2974],[0,-53],[0,-170]],[[3019,2179],[-86,-91],[-63,-108],[-98,-87]],[[2772,1893],[-118,70],[-97,13]],[[2557,1976],[73,69],[57,67],[18,0],[25,1],[59,-31],[11,37],[70,69],[61,78],[24,-26],[24,-51],[40,-10]],[[1543,1828],[14,0],[211,-59]],[[1768,1769],[-13,-135],[-53,-78],[-17,-99],[13,-38]],[[1698,1419],[-49,11]],[[1649,1430],[-13,87],[-83,24],[-17,42]],[[1536,1583],[-85,97],[-8,81]],[[1326,838],[129,-22],[210,175]],[[1665,991],[58,-39]],[[1723,952],[-3,-104],[75,-63],[73,-9],[157,25]],[[2025,801],[-7,-18],[-49,-71],[-15,-15],[-58,-58],[-51,-57],[-15,-42],[-30,-58],[-24,-32]],[[1776,450],[-80,29],[-42,-31],[-162,44]],[[1492,492],[-4,29],[-105,99]],[[1383,620],[44,-4],[-47,79],[31,33],[-85,110]],[[2141,1887],[93,38],[152,-71]],[[2386,1854],[138,13],[-38,-114],[44,-13],[-45,-101]],[[2485,1639],[-115,10],[-211,58],[-30,73]],[[2129,1780],[-10,14],[22,93]],[[3343,2036],[68,189],[85,25]],[[3496,2250],[16,-18],[61,6],[73,-19],[5,-57],[9,-24]],[[3660,2138],[-11,-7],[-16,-43],[-64,-61],[-27,-13],[-16,-44],[-36,-39],[2,-12]],[[3492,1919],[-118,92],[-31,25]],[[1211,1681],[20,0],[147,93]],[[1536,1583],[-49,-10],[-239,-163]],[[1248,1410],[-51,58],[37,61],[-23,152]],[[2176,2343],[218,0],[-4,-176],[-2,-174],[-2,-129]],[[2386,1864],[0,-10]],[[2141,1887],[-47,59],[-18,5]],[[2076,2078],[-3,43],[84,132],[19,90]],[[955,1997],[17,-3],[75,41],[48,38],[43,17],[6,8]],[[1144,2098],[69,10],[17,-109]],[[1230,1999],[-162,-40],[-14,-37]],[[1054,1922],[-94,49],[-5,26]],[[1345,203],[147,269],[0,20]],[[1776,450],[-2,-2],[52,-56],[1,-1],[-45,-35],[-7,-45],[-83,-69],[-49,-34],[-5,4],[-56,41],[-91,-56],[-80,-39],[-50,48],[-16,-3]],[[3343,2036],[-90,70]],[[3253,2106],[-84,42],[-8,14]],[[3161,2162],[5,0],[18,35],[42,54],[38,6],[15,2],[67,26],[108,12],[42,-47]],[[527,288],[32,13],[27,21]],[[586,322],[28,-39],[125,15],[143,-35],[118,-56]],[[1000,207],[-39,-81]],[[961,126],[-50,-62],[-42,-19],[-38,-26],[-21,-15],[-90,-4],[-46,34],[-3,3],[-24,30],[-57,10],[-35,43],[-29,54],[-2,28],[-36,32],[39,54]],[[3019,2179],[49,-13],[93,-4]],[[3253,2106],[7,-53],[-2,-52],[-47,-71],[-2,-36],[-18,-47],[11,-27],[-71,-65]],[[3131,1755],[-41,40],[-47,-12],[-271,110]],[[947,713],[39,199],[74,75]],[[1060,987],[126,-59],[73,15],[67,-105]],[[1383,620],[-105,-46]],[[1278,574],[-97,52],[-169,13],[-40,81],[-25,-7]],[[2129,1780],[-54,-132],[-143,-25]],[[1932,1623],[31,60],[-64,25],[-75,69]],[[1824,1777],[2,54],[44,67]],[[1649,1430],[-39,-87],[-108,-111]],[[1502,1232],[-102,29],[-74,-47]],[[1326,1214],[-24,53],[-90,96]],[[1212,1363],[36,47]],[[794,1697],[119,102],[97,46]],[[1010,1845],[36,-140],[67,-4]],[[1113,1701],[-84,-88],[-4,-20]],[[1025,1593],[-50,-18],[-79,43],[-42,-22]],[[854,1596],[-22,81],[-38,20]],[[1676,2343],[263,0],[26,0],[95,0],[116,0]],[[1696,2265],[-9,75],[-11,3]],[[1345,203],[-1,0]],[[1344,203],[-7,13],[-173,143]],[[1164,359],[20,48],[92,70],[53,-28],[-51,125]],[[553,1607],[-9,-50],[91,-133],[14,-49]],[[310,1292],[33,16],[-8,48],[-12,93],[-6,40],[36,20],[21,75],[27,52],[7,14],[36,39],[27,11],[49,-34],[33,-59]],[[1698,1419],[56,-40],[30,9]],[[1784,1388],[73,-157],[-47,-128]],[[1810,1103],[-81,-40],[-6,-111]],[[1665,991],[-144,81],[-19,160]],[[1000,207],[15,-10],[-12,42],[64,48]],[[1067,287],[18,60],[79,12]],[[1344,203],[-5,-1],[-14,-33],[36,-46],[-63,-27],[-47,-4],[-12,-2],[-88,-19],[-86,-41],[-104,96]],[[2654,1499],[67,106],[-33,103],[84,185]],[[3131,1755],[-19,-33],[-22,-41],[-45,-25],[-46,-53],[-70,-30],[-36,-58],[-37,-63],[-99,72],[-18,-39],[-26,-35]],[[1113,1701],[19,13],[79,-33]],[[1212,1363],[-39,-52]],[[1173,1311],[-57,30],[-10,89],[-81,163]],[[707,1325],[48,-67],[84,54]],[[839,1312],[39,-62],[211,-17]],[[1089,1233],[-69,-52],[40,-194]],[[947,713],[-44,-1],[-14,18]],[[889,730],[-45,117],[-97,100],[-144,-10]],[[603,937],[15,95],[-78,13]],[[1519,2970],[18,48],[-14,69],[-34,58],[31,34],[33,-4],[49,22],[0,-150],[0,-73]],[[1089,1233],[48,36],[36,42]],[[1326,1214],[49,-27],[-71,-59],[-244,-141]],[[1067,287],[-70,72],[-109,182],[-43,7]],[[845,548],[-43,127],[87,55]],[[2485,1639],[6,-6]],[[2280,1360],[-85,14],[-29,56],[-66,-176],[-126,-85],[-66,14],[-98,-80]],[[1784,1388],[32,46],[85,2],[31,187]],[[1230,1999],[79,25],[12,-78]],[[1010,1845],[29,76],[15,1]],[[1279,2237],[74,-5],[85,-102],[88,-39]],[[1144,2098],[34,49],[30,26],[71,64]],[[553,1607],[54,15],[40,32],[-14,56],[-11,40],[44,19]],[[666,1769],[22,-18],[106,-54]],[[854,1596],[-19,-15],[-14,-213],[18,-56]],[[666,1769],[5,2],[-7,70],[0,3],[24,25],[7,7],[26,51],[49,2],[37,0],[4,51],[43,40],[35,33],[33,-14],[15,-39],[18,-3]],[[527,766],[-15,87],[56,17],[35,67]],[[845,548],[-47,-26],[-24,23]],[[774,545],[-87,20],[-48,118],[-148,46],[36,37]],[[3660,2138],[10,-23],[44,-69],[-4,-45],[20,-30],[-45,-85],[-23,-57],[-15,-34],[0,1],[-155,122],[0,1],[0,0]],[[2386,1864],[48,21],[54,46],[53,29],[16,16]],[[586,322],[45,77],[-5,27]],[[626,426],[77,38],[-46,51],[117,30]],[[1768,1769],[56,8]],[[1582,2072],[39,37]],[[1361,2341],[241,2]],[[1602,2343],[74,0]],[[1279,2237],[59,52],[28,46],[-5,6]],[[1602,2618],[0,-50],[0,-225]],[[1361,2341],[-26,42],[34,35],[1,42],[0,3],[16,64],[29,29],[19,20],[1,58]],[[275,955],[-14,-81],[69,-89],[-87,-95]],[[243,690],[-74,-76],[4,-18]],[[173,596],[-15,27],[-53,42],[7,20],[11,35],[-65,81],[-58,66],[21,62],[11,37],[2,7],[7,63],[-20,27],[2,33],[2,38],[25,-16],[39,10]],[[527,766],[-42,-1],[-154,-46]],[[331,719],[-88,-29]],[[626,426],[-97,20],[-48,-38],[-68,56],[-22,142],[-60,113]],[[2263,1292],[-15,-75],[-17,-44],[1,-30],[-34,-69],[-53,-40],[13,-38],[-7,-5],[-41,-32],[-50,-45],[-17,-68],[-18,-45]],[[527,288],[-27,24],[-73,6],[-59,47],[-64,54],[-53,31],[-19,56],[-5,15],[-32,37],[-22,38]]],
	"objects":{
		"counties":{"type":"GeometryCollection","geometries":[{"arcs":[[0,1,2,3]],"type":"Polygon","properties":{"STATEFP":"54","COUNTYFP":"069","NAME":"Ohio","LSAD":"06"}},{"arcs":[[4,5,6,7,8]],"type":"Polygon","properties":{"STATEFP":"54","COUNTYFP":"071","NAME":"Pendleton","LSAD":"06"}},{"arcs":[[9,10,11,12]],"type":"Polygon","properties":{"STATEFP":"54","COUNTYFP":"049","NAME":"Marion","LSAD":"06"}},{"arcs":[[13,14,15,16,17]],"type":"Polygon","properties":{"STATEFP":"54","COUNTYFP":"079","NAME":"Putnam","LSAD":"06"}},{"arcs":[[-11,18,19,20,21]],"type":"Polygon","properties":{"STATEFP":"54","COUNTYFP":"091","NAME":"Taylor","LSAD":"06"}},{"arcs":[[22,-17,23,24,25]],"type":"Polygon","properties":{"STATEFP":"54","COUNTYFP":"011","NAME":"Cabell","LSAD":"06"}},{"arcs":[[26,27,28,29,30,31]],"type":"Polygon","properties":{"STATEFP":"54","COUNTYFP":"017","NAME":"Doddridge","LSAD":"06"}},{"arcs":[[32,33,34,-1]],"type":"Polygon","properties":{"STATEFP":"54","COUNTYFP":"009","NAME":"Brooke",